rho_0,xi,gamma,zeta,lambda_star,pred_lam,pred_type,pred_lam_old,material,ply_angle,SR,AR,h,SHR,SAR,delta,n_stiff
0.16072336931661765,0.3600901124099951,0.006339808723904674,1421.9408401448986,41.62938169126256,39.703110106836135,global,39.70311010683615,solvay5320,0.0,199.99999999999991,0.31676392175331586,1.0,0.010000000000000004,1.0,0.004013575284981633,1
0.20227019162858206,0.3600901124099951,0.015875496482247876,1421.9408401448986,27.477537089584736,25.591093091479262,global,25.59109309147928,solvay5320,0.0,199.99999999999991,0.3986470631277377,1.0,0.010000000000000004,1.0,0.00635677923761482,1
0.25455682391069173,0.3600901124099951,0.03971342489510979,1421.9408401448986,18.990794261042897,16.830143544803835,global,16.830143544803835,solvay5320,0.0,199.99999999999991,0.5016969106227039,1.0,0.010000000000000004,1.0,0.010067991605134621,1
0.3203594957703218,0.3600901124099951,0.09918654800682997,1421.9408401448986,14.098837379992041,11.532976426029599,global,11.532976426029602,solvay5320,0.0,199.99999999999991,0.6313850355589192,1.0,0.010000000000000004,1.0,0.015945882525109516,1
0.4031720892550946,0.3600901124099951,0.24710314152785506,1421.9408401448986,11.462008816134508,8.554955151324464,global,8.554955151324465,solvay5320,0.0,199.99999999999991,0.7945974047018521,1.0,0.010000000000000004,1.0,0.02525540142235677,1
0.5073916512556096,0.3600901124099951,0.6132007511534981,1421.9408401448986,10.884158368803911,7.243790865409885,global,7.2437908654098875,solvay5320,0.0,199.99999999999991,1.0,1.0,0.010000000000000004,1.0,0.04000000000000001,1
0.6385518606696083,0.3600901124099951,1.5124981950885057,1421.9408401448986,12.224597495566785,7.289811153031825,global,7.289811153031826,solvay5320,0.0,199.99999999999991,1.2584989506418267,1.0,0.010000000000000004,1.0,0.06335278435066319,1
0.8036168465830881,0.3600901124099951,3.696314162046732,1421.9408401448986,15.87845419870258,8.63806743875198,global,8.63806743875198,solvay5320,0.0,199.99999999999991,1.583819608766579,1.0,0.010000000000000004,1.0,0.10033938212454084,1
