rho_0,xi,gamma,zeta,lambda_star,pred_lam,pred_type,pred_lam_old,material,ply_angle,SR,AR,h,SHR,SAR,delta,n_stiff,elem_list,nelem
0.16072336931661765,0.3600901124099951,0.03317052125446638,1421.9408401448986,41.449834877581296,40.74177188409804,global,39.70311010683615,solvay5320,0.0,199.99999999999991,0.31676392175331586,1.0,0.010000000000000004,1.0,0.004013575284981633,1,"[36, 57, 100]",7704
0.20227019162858206,0.3600901124099951,0.06439643267960644,1421.9408401448986,27.33748289923358,26.77704041701493,global,25.59109309147928,solvay5320,0.0,199.99999999999991,0.3986470631277377,1.0,0.010000000000000004,1.0,0.00635677923761482,1,"[40, 51, 100]",8080
0.25455682391069173,0.3600901124099951,0.1284421064547447,1421.9408401448986,18.94409299578564,18.19943072121405,global,16.830143544803835,solvay5320,0.0,199.99999999999991,0.5016969106227039,1.0,0.010000000000000004,1.0,0.010067991605134621,1,"[45, 45, 100]",8550
0.3203594957703218,0.3600901124099951,0.2630025822517406,1421.9408401448986,14.09104973780024,13.12915400165089,global,11.532976426029602,solvay5320,0.0,199.99999999999991,0.6313850355589192,1.0,0.010000000000000004,1.0,0.015945882525109516,1,"[51, 41, 100]",9282
