rho_0,xi,gamma,zeta,lambda_star,pred_lam,pred_type,pred_lam_old
0.16072336931661765,0.3600901124099951,0.03317052125446638,1421.9408401448986,41.449834877581296,40.74177188409804,global,39.70311010683615
0.20227019162858206,0.3600901124099951,0.06439643267960644,1421.9408401448986,27.33748289923358,26.77704041701493,global,25.59109309147928
0.25455682391069173,0.3600901124099951,0.1284421064547447,1421.9408401448986,18.94409299578564,18.19943072121405,global,16.830143544803835
0.3203594957703218,0.3600901124099951,0.2630025822517406,1421.9408401448986,14.09104973780024,13.12915400165089,global,11.532976426029602
